order,product,collection,workspace_id,article_id,title,url,state,created_at,updated_at
1350,M-Tag,Troubleshooting M-Tag,e4gi378c,6896105,Errors and Troubleshooting: Error message Tenant/ Account does not exist.,https://oloid.help/en/articles/6896105-errors-and-troubleshooting-error-message-tenant-account-does-not-exist,published,2023-01-16 14:33:05,2023-05-17 08:58:40
1351,M-Tag,Troubleshooting M-Tag,e4gi378c,6896058,"Errors and Troubleshooting: The M-Tag Name (door name) button in the app turns green, but the door doesn’t open.",https://oloid.help/en/articles/6896058-errors-and-troubleshooting-the-m-tag-name-door-name-button-in-the-app-turns-green-but-the-door-doesn-t-open,published,2023-01-16 14:05:36,2023-01-16 14:07:13
1352,M-Tag,Troubleshooting M-Tag,e4gi378c,6895716,Errors and Troubleshooting: M-Tag Name not showing in the App.,https://oloid.help/en/articles/6895716-errors-and-troubleshooting-m-tag-name-not-showing-in-the-app,published,2023-01-16 11:46:12,2023-06-02 05:49:28
1353,M-Tag,Troubleshooting M-Tag,e4gi378c,6823168,General Info and FAQs,https://oloid.help/en/articles/6823168-general-info-and-faqs,published,2022-12-14 04:41:57,2023-10-30 10:18:33
1354,M-Tag,Using M-Tag,e4gi378c,6839174,User Instructions to Operate M-Tag,https://oloid.help/en/articles/6839174-user-instructions-to-operate-m-tag,published,2022-12-20 11:59:40,2023-05-17 08:53:17
1355,M-Tag,Installing and Configuring M-Tag,e4gi378c,6870610,Registering M-Tag,https://oloid.help/en/articles/6870610-registering-m-tag,published,2023-01-05 10:39:30,2023-06-02 05:12:57
1356,M-Tag,Installing and Configuring M-Tag,e4gi378c,7214671,Configuring M-Tag Users,https://oloid.help/en/articles/7214671-configuring-m-tag-users,published,2023-03-31 13:15:09,2023-06-02 05:41:40
1357,M-Tag,Installing and Configuring M-Tag,e4gi378c,6839169,How to install M-Tag?,https://oloid.help/en/articles/6839169-how-to-install-m-tag,published,2022-12-20 11:58:52,2023-05-16 05:40:03
1358,M-Tag,Getting Started with M-Tag,e4gi378c,7214150,Getting Started with Oloid M-Tag,https://oloid.help/en/articles/7214150-getting-started-with-oloid-m-tag,published,2023-03-31 12:43:33,2023-06-02 04:58:54
1359,M-Tag,Getting Started with M-Tag,e4gi378c,6899644,M-Tag Features,https://oloid.help/en/articles/6899644-m-tag-features,published,2023-01-17 13:49:20,2023-05-17 08:30:12
1360,M-Tag,Getting Started with M-Tag,e4gi378c,6839157,What is M-Tag?,https://oloid.help/en/articles/6839157-what-is-m-tag,published,2022-12-20 11:53:03,2023-03-30 14:41:31
1361,M-Tag,M-Tag Admin,e4gi378c,6984772,Recommended Settings,https://oloid.help/en/articles/6984772-recommended-settings,published,2023-02-13 13:38:52,2023-06-02 06:52:07
1362,M-Tag,M-Tag Admin,e4gi378c,6984762,Unregister M-Tag,https://oloid.help/en/articles/6984762-unregister-m-tag,published,2023-02-13 13:33:46,2023-05-22 09:44:33
1363,M-Tag,M-Tag Admin,e4gi378c,6984528,How to modify M-Tag settings,https://oloid.help/en/articles/6984528-how-to-modify-m-tag-settings,published,2023-02-13 12:12:56,2023-05-24 09:14:49
1364,M-Tag,M-Tag Admin,e4gi378c,6972238,How to register M-Tag,https://oloid.help/en/articles/6972238-how-to-register-m-tag,published,2023-02-08 06:04:18,2023-05-22 09:12:28
1365,M-Tag,M-Tag Admin,e4gi378c,6969506,M-Tag Admin App installation and login,https://oloid.help/en/articles/6969506-m-tag-admin-app-installation-and-login,published,2023-02-07 09:08:23,2023-05-24 09:12:14
1366,M-Tag,M-Tag Admin,e4gi378c,7220843,Getting started with Oloid M-Tag Admin App,https://oloid.help/en/articles/7220843-getting-started-with-oloid-m-tag-admin-app,published,2023-04-03 04:41:32,2023-06-02 05:58:30
